reactor_model,initial_temperature_k,pressure_atm,phi,h2_fraction,ignition_delay_ms,ignition_delay_oh_ms,criterion_difference_percent,maximum_temperature_k,temperature_rise_k,maximum_temperature_rate_k_per_s,maximum_oh_mass_fraction,recorded_points,status,error_message
constant_pressure,900.0,10.0,0.6,0.0,561.9338338494312,561.9414666790207,0.0013583146501828446,2147.8313376313736,1247.8313376313736,46808890.46230316,0.003043198931611772,3589,ignited,
constant_pressure,900.0,10.0,0.7,0.0,569.8815324030846,569.8866773093619,0.0009028027729778174,2302.3834615839787,1402.3834615839787,84120406.98587036,0.004559069660159133,3462,ignited,
constant_pressure,900.0,10.0,0.8,0.0,579.476052906809,579.4798698493026,0.0006586885643596061,2435.6686838028854,1535.6686838028854,124121746.43704224,0.006006631692202568,3693,ignited,
constant_pressure,900.0,10.0,0.9,0.0,590.271085929716,590.2740521722059,0.0005025220717293512,2541.164340248621,1641.164340248621,159456605.77990723,0.007123719814274571,3765,ignited,
constant_pressure,900.0,10.0,1.0,0.0,601.9824187351525,601.9847187036274,0.000382065722086136,2607.6129620776833,1707.6129620776833,183574206.8908081,0.007708239941131959,3991,ignited,
constant_pressure,900.0,10.0,1.1,0.0,614.419104192993,614.4208135044512,0.00027819959478901695,2616.1292816138493,1716.1292816138493,191114642.67529297,0.007661949083917599,3876,ignited,
constant_pressure,900.0,10.0,1.2,0.0,627.447392724285,627.448849479393,0.00023217167284942584,2569.322209176863,1669.322209176863,178441811.4718628,0.006916435390227272,3852,ignited,
constant_pressure,900.0,10.0,1.3,0.0,640.9705408717298,640.9722352477387,0.0002643453795254062,2501.0223198487665,1601.0223198487665,145296930.9961548,0.005259694520198663,3812,ignited,
constant_pressure,900.0,10.0,1.4,0.0,654.9165361344878,654.9192541492309,0.0004150169667631147,2428.6594495835016,1528.6594495835016,100220800.84460449,0.002638387784233397,3851,ignited,
constant_pressure,925.0,10.0,0.6,0.0,319.0686388837307,319.075766968407,0.0022340286093898605,2168.425772585293,1243.425772585293,52344949.45690155,0.0032292887591609852,3476,ignited,
constant_pressure,925.0,10.0,0.7,0.0,324.8547180294009,324.85958540067213,0.0014983224811299129,2321.5119971488252,1396.5119971488252,91752619.80168152,0.004774884085128103,3552,ignited,
constant_pressure,925.0,10.0,0.8,0.0,331.5522849491364,331.5559303956432,0.0010995087870929441,2452.8051425464973,1527.8051425464973,133393281.8739624,0.006234902123449421,3693,ignited,
constant_pressure,925.0,10.0,0.9,0.0,338.91503931901633,338.91787046124387,0.0008353545576566146,2556.0559218295393,1631.0559218295393,169898355.88079834,0.007352670830615276,3757,ignited,
constant_pressure,925.0,10.0,1.0,0.0,346.78670428124553,346.7889110078707,0.0006363354182608502,2620.982057741965,1695.982057741965,194776799.7432251,0.00793391551564624,3944,ignited,
constant_pressure,925.0,10.0,1.1,0.0,355.0625271309101,355.06418718364216,0.00046753813912086607,2630.728395929886,1705.7283959298861,202694305.8093109,0.007885096203677082,3883,ignited,
constant_pressure,925.0,10.0,1.2,0.0,363.6693098020935,363.6707262786109,0.0003894957532135138,2586.6682846159592,1661.6682846159592,190071243.91882324,0.007141954051676084,3850,ignited,
constant_pressure,925.0,10.0,1.3,0.0,372.55420377268365,372.55582423887347,0.00043496118777088704,2519.9200945045723,1594.9200945045723,156605690.32847595,0.005502510828761684,3795,ignited,
constant_pressure,925.0,10.0,1.4,0.0,381.6779225010996,381.6804610703263,0.000665107693439542,2448.3452903355605,1523.3452903355605,110364170.85458374,0.002900117008792603,3852,ignited,
constant_pressure,950.0,10.0,0.6,0.0,187.86317754648564,187.86981089568528,0.003530946982939423,2189.012657839612,1239.012657839612,58357578.041137695,0.003421603277861239,3444,ignited,
constant_pressure,950.0,10.0,0.7,0.0,192.1085897948093,192.11318683133678,0.002392936480557963,2340.5677703069045,1390.5677703069045,99899329.82168579,0.004995809477725218,3617,ignited,
constant_pressure,950.0,10.0,0.8,0.0,196.86994898315547,196.87344084344193,0.0017736888257933584,2469.8210075141255,1519.8210075141255,143202341.1316986,0.006467310942902549,3710,ignited,
constant_pressure,950.0,10.0,0.9,0.0,202.0074501640465,202.01019272229675,0.0013576520311603378,2570.8384141912934,1620.8384141912934,180919260.7986145,0.007585348803390988,3700,ignited,
constant_pressure,950.0,10.0,1.0,0.0,207.4328033531193,207.43494479934034,0.0010323565927931747,2634.2901202320386,1684.2901202320386,206576170.10009766,0.008162996735498605,3772,ignited,
constant_pressure,950.0,10.0,1.1,0.0,213.08705581972904,213.08866799909572,0.0007565824965163652,2645.1701418704865,1695.1701418704865,214898859.35617065,0.008111575545712436,3775,ignited,
constant_pressure,950.0,10.0,1.2,0.0,218.9291709266575,218.9305447786603,0.0006275326385237145,2603.8466978506317,1653.8466978506317,202321993.47250366,0.007370594099703363,3938,ignited,
constant_pressure,950.0,10.0,1.3,0.0,224.9296048653798,224.9311553038992,0.000689299445639542,2538.750684922873,1588.750684922873,168556949.74084473,0.005747630419693776,3876,ignited,
constant_pressure,950.0,10.0,1.4,0.0,231.06645486998852,231.06881790102577,0.0010226629558054193,2468.0300884246876,1518.0300884246876,121201695.71595764,0.0031669487480460584,3826,ignited,
constant_pressure,975.0,10.0,0.6,0.0,114.35179937363476,114.3579890617275,0.0054128471319527275,2209.5786573116393,1234.5786573116393,64858249.485069275,0.003620048787465315,3408,ignited,
constant_pressure,975.0,10.0,0.7,0.0,117.49728577850114,117.50162664726757,0.003694441737673039,2359.537503459858,1384.5375034598578,108570019.03999329,0.005221668943158935,3645,ignited,
constant_pressure,975.0,10.0,0.8,0.0,120.93815401298845,120.94148518954485,0.0027544463396084627,2486.7080473114834,1511.7080473114834,153579624.53564453,0.006703720626430169,3696,ignited,
constant_pressure,975.0,10.0,0.9,0.0,124.59329144728022,124.59593038152349,0.0021180387905409314,2585.5093540482912,1610.5093540482912,192531499.40927124,0.007821484500078687,3717,ignited,
constant_pressure,975.0,10.0,1.0,0.0,128.4118388648032,128.41391668147753,0.0016180880927321878,2647.5343004661604,1672.5343004661604,218988922.27893066,0.008395386854336603,3876,ignited,
constant_pressure,975.0,10.0,1.1,0.0,132.36006971444445,132.36163772410185,0.0011846546022431783,2659.456606863833,1684.4566068638328,227734699.60491943,0.008341293148900225,3855,ignited,
constant_pressure,975.0,10.0,1.2,0.0,136.4146181310378,136.41594540061698,0.0009729672650649777,2620.8431961006095,1645.8431961006095,215222651.77191162,0.007602285259112592,3827,ignited,
constant_pressure,975.0,10.0,1.3,0.0,140.55877110102614,140.5602568807986,0.0010570523353421889,2557.4960222083837,1582.4960222083837,181168745.23254395,0.00599496831381052,3910,ignited,
constant_pressure,975.0,10.0,1.4,0.0,144.78018932910194,144.7824115734823,0.0015349091548094093,2487.6985212799486,1512.6985212799486,132758868.50616455,0.0034378127193762952,3910,ignited,
constant_pressure,1000.0,10.0,0.6,0.0,71.7552330330838,71.76102324558305,0.008069394042076109,2230.1096436458097,1230.1096436458097,71870078.32575226,0.003824513548787734,3305,ignited,
constant_pressure,1000.0,10.0,0.7,0.0,74.10485982897312,74.10900154648817,0.005588995815676456,2378.407863302537,1378.407863302537,117787468.69831848,0.005452370358934071,3407,ignited,
constant_pressure,1000.0,10.0,0.8,0.0,76.62337438104441,76.62657691484715,0.004179578136051834,2503.4583863293924,1503.4583863293924,164524331.32948303,0.006943973068901354,3678,ignited,
constant_pressure,1000.0,10.0,0.9,0.0,79.26300659530455,79.26554600569135,0.0032037775197803556,2600.0662387158395,1600.0662387158395,204745713.2301941,0.00806099479665264,3633,ignited,
constant_pressure,1000.0,10.0,1.0,0.0,81.99412584560625,81.99613358554062,0.002448638745354855,2660.711727303837,1660.711727303837,232048511.8690796,0.008630985357865786,3789,ignited,
constant_pressure,1000.0,10.0,1.1,0.0,84.79725912571033,84.79877668642673,0.001789634160413639,2673.5901874321207,1673.5901874321207,241219180.79803467,0.008574118609156996,3771,ignited,
constant_pressure,1000.0,10.0,1.2,0.0,87.6590683521683,87.66035747497288,0.0014706097484401756,2637.6447051401447,1637.6447051401447,228790569.72103882,0.007836913045406686,3830,ignited,
constant_pressure,1000.0,10.0,1.3,0.0,90.5700947292689,90.5715256770057,0.0015799340180337224,2576.137975639449,1576.137975639449,194446715.24295044,0.00624445592059661,3859,ignited,
constant_pressure,1000.0,10.0,1.4,0.0,93.52342645393757,93.5255106316395,0.0022285087073428303,2507.3349080622993,1507.3349080622993,145042844.11206055,0.0037118209094079194,3742,ignited,
constant_pressure,1025.0,10.0,0.6,0.0,46.28901428994415,46.294441384876386,0.011724369195341103,2250.5873434019663,1225.5873434019663,79403721.8482666,0.00403480569126648,3283,ignited,
constant_pressure,1025.0,10.0,0.7,0.0,48.05357868447946,48.057508056267054,0.008177063800788769,2397.161906417131,1372.161906417131,127566050.1244049,0.005687607683299671,3518,ignited,
constant_pressure,1025.0,10.0,0.8,0.0,49.91313801673866,49.91619742335878,0.006129461584039488,2520.0611784966486,1495.0611784966486,176065752.07357788,0.00718786252388745,3580,ignited,
constant_pressure,1025.0,10.0,0.9,0.0,51.839312755444205,51.841772115490784,0.004744198786317673,2614.50369721926,1589.5036972192602,217579924.58894348,0.008303687953972044,3574,ignited,
constant_pressure,1025.0,10.0,1.0,0.0,53.81477575700874,53.81671503698056,0.003603619906507355,2673.816721115519,1648.8167211155192,245736098.61436462,0.00886962442560795,3752,ignited,
constant_pressure,1025.0,10.0,1.1,0.0,55.82832600380757,55.829806195791704,0.0026513279012433917,2687.569871958921,1662.5698719589209,255369371.8421936,0.008809924294380047,3637,ignited,
constant_pressure,1025.0,10.0,1.2,0.0,57.87241284322117,57.87366913776967,0.0021708003637253724,2654.235973508946,1629.2359735089458,243041979.6261902,0.008074290124655058,3826,ignited,
constant_pressure,1025.0,10.0,1.3,0.0,59.94178501505932,59.94315695606431,0.002288789038640552,2594.6529587612094,1569.6529587612094,208446493.51416016,0.006495934596309334,3799,ignited,
constant_pressure,1025.0,10.0,1.4,0.0,62.032647113491514,62.034610597420446,0.003165242852429201,2526.9170293852185,1501.9170293852185,158075525.79977417,0.003988255853498725,3878,ignited,
constant_pressure,1050.0,10.0,0.6,0.0,30.615163806985652,30.620271531789417,0.016683643556396233,2270.9954795821845,1220.9954795821845,87467269.35623169,0.004250723876808258,3292,ignited,
constant_pressure,1050.0,10.0,0.7,0.0,31.943889163163362,31.947625894963068,0.01169779853861475,2415.785018976033,1365.785018976033,137899655.34181213,0.005927171660871415,3494,ignited,
constant_pressure,1050.0,10.0,0.8,0.0,33.32412147053958,33.32704429385378,0.008770893830718468,2536.5077266169296,1486.5077266169296,188210465.51837158,0.007435139258555205,3614,ignited,
constant_pressure,1050.0,10.0,0.9,0.0,34.73895119873151,34.74131075213466,0.0067922413363818305,2628.81749148569,1578.81749148569,231050845.86767578,0.00854938931760696,3614,ignited,
constant_pressure,1050.0,10.0,1.0,0.0,36.17832154160425,36.18019940102261,0.005190565339535956,2686.8441586547333,1636.8441586547333,260109094.08233643,0.009111104670803567,3746,ignited,
constant_pressure,1050.0,10.0,1.1,0.0,37.63588363637421,37.637326527312354,0.0038338170881927363,2701.3955410350686,1651.3955410350686,270216372.34484863,0.009048497590015407,3600,ignited,
constant_pressure,1050.0,10.0,1.2,0.0,39.107500612465806,39.10871655680382,0.0031092356171353104,2670.603667901764,1620.6036679017639,257998470.59002686,0.00831428321038942,3735,ignited,
constant_pressure,1050.0,10.0,1.3,0.0,40.59038104676531,40.591698576251794,0.00324591554084489,2613.0185036435046,1563.0185036435046,223144845.82913208,0.006749269470310742,3735,ignited,
constant_pressure,1050.0,10.0,1.4,0.0,42.08257203887649,42.08441516742579,0.004379790635405723,2546.4229113608594,1496.4229113608594,171861480.08935547,0.0042665983812148955,3601,ignited,
constant_pressure,1075.0,10.0,0.6,0.0,20.703526714145823,20.708311793944873,0.02311238981221372,2291.3224631195662,1216.3224631195662,96075557.75241089,0.004472102070192202,3187,ignited,
constant_pressure,1075.0,10.0,0.7,0.0,21.70455866558707,21.70813518251369,0.016478183139894638,2434.2677145398934,1359.2677145398934,148837727.95516968,0.006170871917644892,3349,ignited,
constant_pressure,1075.0,10.0,0.8,0.0,22.731628081799155,22.73443705013469,0.012357092617511268,2552.7945752020887,1477.7945752020887,200979576.6388855,0.0076857325700798295,3563,ignited,
constant_pressure,1075.0,10.0,0.9,0.0,23.774714465439608,23.77698914989136,0.009567662547782322,2643.0076205410132,1568.0076205410132,245191842.53015137,0.008797975261345018,3558,ignited,
constant_pressure,1075.0,10.0,1.0,0.0,24.828072868101216,24.82989262883872,0.007329448190247354,2699.7931978179736,1624.7931978179736,275144088.14505005,0.009355337531871313,3522,ignited,
constant_pressure,1075.0,10.0,1.1,0.0,25.888251234880276,25.889651859726968,0.005410272150035741,2715.071234079827,1640.0712340798268,285753129.0650635,0.009289767333117923,3619,ignited,
constant_pressure,1075.0,10.0,1.2,0.0,26.953114884390878,26.954300595627515,0.004399162181154072,2686.74226934562,1611.7422693456201,273668519.4456787,0.008556780914329145,3654,ignited,
constant_pressure,1075.0,10.0,1.3,0.0,28.021333679763544,28.022604894636153,0.004536596605776661,2631.218769460864,1556.2187694608642,238579851.59951782,0.007004419590095816,3680,ignited,
constant_pressure,1075.0,10.0,1.4,0.0,29.092060751976987,29.09379711646201,0.005968516633545092,2565.8369032978176,1490.8369032978176,186422320.80142212,0.004546487158171005,3647,ignited,
constant_pressure,1100.0,10.0,0.6,0.0,14.277050130423243,14.281559144063536,0.0315822498282376,2311.5568165236227,1211.5568165236227,105249215.84410095,0.004698756006372653,3267,ignited,
constant_pressure,1100.0,10.0,0.7,0.0,15.030552770605425,15.033934428795236,0.022498561705757973,2452.601309483727,1352.6013094837272,160350240.4903717,0.006418557300243771,3340,ignited,
constant_pressure,1100.0,10.0,0.8,0.0,15.79546687603921,15.798169258895069,0.01710859753033123,2568.9186354464937,1468.9186354464937,214366679.3859558,0.007939430752470585,3493,ignited,
constant_pressure,1100.0,10.0,0.9,0.0,16.56594484659872,16.5681469540136,0.013292978065981904,2657.0746182276234,1557.0746182276234,259980718.06271362,0.009049321563677286,3477,ignited,
constant_pressure,1100.0,10.0,1.0,0.0,17.338807352605375,17.340565702423312,0.01014112321671752,2712.6627629822556,1612.6627629822556,290873983.6958618,0.00960221126093519,3609,ignited,
constant_pressure,1100.0,10.0,1.1,0.0,18.112318080254926,18.11367992481938,0.007518886088566526,2728.60111549908,1628.6011154990802,302004708.541626,0.009533629713086026,3636,ignited,
constant_pressure,1100.0,10.0,1.2,0.0,18.885527753665723,18.886678784196665,0.006094775565475194,2702.647816114895,1602.6478161148948,290064948.35183716,0.008801708133632376,3594,ignited,
constant_pressure,1100.0,10.0,1.3,0.0,19.657947736992035,19.659169965546294,0.006217477890423387,2649.2386974298847,1549.2386974298847,254765443.1015625,0.007261327831450561,3587,ignited,
constant_pressure,1100.0,10.0,1.4,0.0,20.429366209927522,20.43100758294333,0.008034380503738711,2585.1434384619397,1485.1434384619397,201777420.72183228,0.004827734509988322,3649,ignited,
constant_pressure,900.0,10.0,0.6,0.2,223.05750856009192,223.0641972134652,0.002998622828913405,2159.4067720845023,1259.4067720845023,57491760.14880371,0.0032073883123009757,3443,ignited,
constant_pressure,900.0,10.0,0.7,0.2,207.21834419849,207.22284242720758,0.0021707676195265417,2314.089419334871,1414.0894193348709,100438307.49404907,0.0048014742932720724,3500,ignited,
constant_pressure,900.0,10.0,0.8,0.2,194.4419944346617,194.4453669319925,0.001734449052850365,2447.1128425101306,1547.1128425101306,144681424.5541687,0.006323135070830148,3895,ignited,
constant_pressure,900.0,10.0,0.9,0.2,183.8591418569712,183.861772978301,0.001431052763115423,2552.237925091032,1652.2379250910321,182311604.1079712,0.007495930154685829,3959,ignited,
constant_pressure,900.0,10.0,1.0,0.2,174.91250517139002,174.91452488126592,0.0011546972435827721,2618.6830825301654,1718.6830825301654,206756158.05117798,0.00810989561017118,3903,ignited,
constant_pressure,900.0,10.0,1.1,0.2,167.22570567625053,167.22722390296582,0.0009078907510967154,2628.688894218827,1728.688894218827,212913853.49734497,0.008065084284103421,3970,ignited,
constant_pressure,900.0,10.0,1.2,0.2,160.53384245282356,160.53520093328845,0.000846226841724292,2585.1453862225553,1685.1453862225553,197654653.2070923,0.007271102515175558,3851,ignited,
constant_pressure,900.0,10.0,1.3,0.2,154.6442357770594,154.64584572503705,0.001041065623656627,2520.2090684243744,1620.2090684243744,161571593.5958252,0.005526038716876743,3940,ignited,
constant_pressure,900.0,10.0,1.4,0.2,149.41272824446358,149.41524634584877,0.0016853325782740648,2450.918069370093,1550.9180693700928,114051436.40397644,0.0028498247569426574,3945,ignited,
constant_pressure,925.0,10.0,0.6,0.2,113.66838218397186,113.6746036377629,0.005473337151022972,2179.9428451648578,1254.9428451648578,64242613.9879303,0.003402718466188154,3442,ignited,
constant_pressure,925.0,10.0,0.7,0.2,105.37094007131077,105.37519955266156,0.004042368178459344,2333.1326764945893,1408.1326764945893,109441035.23666382,0.0050283582165167335,3647,ignited,
constant_pressure,925.0,10.0,0.8,0.2,98.70751475900316,98.7107359072239,0.0032633262306424496,2464.1572608241045,1539.1572608241045,155371314.90394592,0.00656300495992259,3762,ignited,
constant_pressure,925.0,10.0,0.9,0.2,93.20981990119644,93.21233536216121,0.002698708105475648,2567.060051072434,1642.060051072434,194180901.31388855,0.007736292118448092,3680,ignited,
constant_pressure,925.0,10.0,1.0,0.2,88.57892016137498,88.58088015918975,0.002212713601830476,2632.008331640251,1707.008331640251,219359307.66137695,0.008346516494322782,3827,ignited,
constant_pressure,925.0,10.0,1.1,0.2,84.61358601767682,84.6150549713588,0.0017360730718490808,2643.162111121499,1718.162111121499,225857512.4416809,0.00829921294520135,3943,ignited,
constant_pressure,925.0,10.0,1.2,0.2,81.17262696562182,81.17394571130927,0.0016246187129248287,2602.2726133209403,1677.2726133209403,210600885.863739,0.0075087948686775935,3987,ignited,
constant_pressure,925.0,10.0,1.3,0.2,78.15361289942939,78.15515353474296,0.001971291225598299,2538.904282226584,1613.9042822265842,174141008.54779053,0.0057829598940449195,3975,ignited,
constant_pressure,925.0,10.0,1.4,0.2,75.48006123629136,75.48242474435537,0.0031313012010001588,2470.434055790148,1545.4340557901478,125349876.41067505,0.00312464989061193,3953,ignited,
constant_pressure,950.0,10.0,0.6,0.2,60.05003092964493,60.05579859313547,0.009604763563394559,2200.465167146388,1250.465167146388,71539429.49372864,0.003604728429333735,3503,ignited,
constant_pressure,950.0,10.0,0.7,0.2,55.576581748142175,55.58058919240471,0.0072106706394693435,2352.0979105730175,1402.0979105730175,119012383.92640686,0.005260659848344755,3524,ignited,
constant_pressure,950.0,10.0,0.8,0.2,52.00168693725717,52.00474875797178,0.0058879257480773895,2481.0786320987213,1531.0786320987213,166657106.03030396,0.006807193426603251,3887,ignited,
constant_pressure,950.0,10.0,0.9,0.2,49.06551112055476,49.06793171226775,0.00493338733808976,2581.7721374590815,1631.7721374590815,206670200.88754272,0.007980352293236757,3810,ignited,
constant_pressure,950.0,10.0,1.0,0.2,46.60285157261497,46.604737771654584,0.004047389753975446,2645.270217635324,1695.2702176353241,232593372.6500244,0.0085866265003967,3857,ignited,
constant_pressure,950.0,10.0,1.1,0.2,44.502868897904705,44.50430276726815,0.003221970625613317,2657.4804993920948,1707.4804993920948,239454594.74972534,0.008536661801238805,3826,ignited,
constant_pressure,950.0,10.0,1.2,0.2,42.68803480466953,42.689310449910685,0.0029882969478333423,2619.2253493312573,1669.2253493312573,224216231.35784912,0.007749530601210891,3897,ignited,
constant_pressure,950.0,10.0,1.3,0.2,41.102240387743,41.10371359348515,0.0035842468153888573,2557.5167473381566,1607.5167473381566,187394903.85839844,0.006041993881714725,3943,ignited,
constant_pressure,950.0,10.0,1.4,0.2,39.70367420087275,39.70587981550547,0.005555190236457101,2489.9318808101784,1539.9318808101784,137399249.95043945,0.0034046140375024133,3961,ignited,
constant_pressure,975.0,10.0,0.6,0.2,32.756095815021986,32.761464264915226,0.0163891628708017,2220.9603255710317,1245.9603255710317,79397626.55848694,0.00381331966976221,3458,ignited,
constant_pressure,975.0,10.0,0.7,0.2,30.292072621640806,30.29586984555958,0.012535371766080609,2370.972057525949,1395.972057525949,129171158.09350586,0.00549820446828826,3586,ignited,
constant_pressure,975.0,10.0,0.8,0.2,28.334682700291168,28.3376169895297,0.010355821766450942,2497.86891621129,1522.86891621129,178548757.77246094,0.007055515481638059,3767,ignited,
constant_pressure,975.0,10.0,0.9,0.2,26.73616107878751,26.738501011033513,0.008751938017978082,2596.371744431382,1621.371744431382,219779109.11628723,0.008227967942905414,3752,ignited,
constant_pressure,975.0,10.0,1.0,0.2,25.40294884074891,25.404766266339003,0.007154388262115678,2658.4661291102557,1683.4661291102557,246478893.28729248,0.00883001742867031,3742,ignited,
constant_pressure,975.0,10.0,1.1,0.2,24.272511065025416,24.27390135798982,0.005727849750200323,2671.6457424937266,1696.6457424937266,253728989.07092285,0.00877730696905079,3867,ignited,
constant_pressure,975.0,10.0,1.2,0.2,23.30120703517719,23.302440198232652,0.005292271141154709,2635.990383435927,1660.990383435927,238525479.44244385,0.007993195963103272,3881,ignited,
constant_pressure,975.0,10.0,1.3,0.2,22.457549606237013,22.458954037562048,0.006253715786717709,2576.0286857730284,1601.0286857730284,201352456.69644165,0.006303058841072156,3671,ignited,
constant_pressure,975.0,10.0,1.4,0.2,21.718093221210367,21.720148556360424,0.009463699824486051,2509.3959175259993,1534.3959175259993,150207048.3203354,0.003688560866438811,3727,ignited,
constant_pressure,1000.0,10.0,0.6,0.2,18.40895777511479,18.413973904580555,0.027248307737151593,2241.4141356556975,1241.4141356556975,87825770.24633789,0.00402835699811945,3379,ignited,
constant_pressure,1000.0,10.0,0.7,0.2,17.03230967702391,17.03590286005854,0.02109627585902196,2389.741942489574,1389.7419424895738,139924535.27183533,0.005740798040033814,3450,ignited,
constant_pressure,1000.0,10.0,0.8,0.2,15.947340969479892,15.95014644382603,0.017592113641434034,2514.5204240650487,1514.5204240650487,191059835.06472778,0.007307783200016913,3560,ignited,
constant_pressure,1000.0,10.0,0.9,0.2,15.068306510417134,15.070556670470056,0.014933065314051813,2610.856377455089,1610.856377455089,233550520.65286255,0.008478991491345057,3665,ignited,
constant_pressure,1000.0,10.0,1.0,0.2,14.34111820030897,14.342878762160213,0.012276322017942827,2671.59284978071,1671.59284978071,261059343.06585693,0.009076622854080287,3669,ignited,
constant_pressure,1000.0,10.0,1.1,0.2,13.729752068524078,13.731105205108992,0.009855506335151488,2685.6604111774327,1685.6604111774327,268696872.1333313,0.009020986603077891,3782,ignited,
constant_pressure,1000.0,10.0,1.2,0.2,13.209142268802363,13.210336306241713,0.009039477469853733,2652.556132566834,1652.556132566834,253533722.2702942,0.008239661100031638,3728,ignited,
constant_pressure,1000.0,10.0,1.3,0.2,12.761236283259185,12.762581655121615,0.010542645183949536,2594.4224441364036,1594.4224441364036,216035330.96661377,0.006566062103284871,3690,ignited,
constant_pressure,1000.0,10.0,1.4,0.2,12.37260707583979,12.37454119111205,0.015632237089597704,2528.810119553204,1528.810119553204,163809715.52531433,0.0039755959002123675,3761,ignited,
constant_pressure,1025.0,10.0,0.6,0.2,10.66123059594539,10.665883527813572,0.04364347836121766,2261.8088487657906,1236.8088487657906,96840899.2665863,0.004249660023522682,3255,ignited,
constant_pressure,1025.0,10.0,0.7,0.2,9.886810093225062,9.890214523727643,0.034434063873784386,2408.3914808887575,1383.3914808887575,151282912.6810608,0.005988158307272051,3356,ignited,
constant_pressure,1025.0,10.0,0.8,0.2,9.283419558194472,9.28611389543743,0.029023111861607064,2531.0231303627347,1506.0231303627347,204206254.7451477,0.007563749531203236,3478,ignited,
constant_pressure,1025.0,10.0,0.9,0.2,8.80035605812746,8.802519783299957,0.02458679124123893,2625.221093506423,1600.2210935064231,247965346.50564575,0.008733198913130487,3571,ignited,
constant_pressure,1025.0,10.0,1.0,0.2,8.405779479623018,8.407487826412792,0.02032347855324788,2684.645719692443,1659.645719692443,276301070.56777954,0.009326189727482729,3679,ignited,
constant_pressure,1025.0,10.0,1.1,0.2,8.078563384552071,8.079872715418224,0.01620747159893386,2699.5235194572265,1674.5235194572265,284366370.0360718,0.009267557485191896,3622,ignited,
constant_pressure,1025.0,10.0,1.2,0.2,7.804026160563693,7.805185693204273,0.01485813369564925,2668.909334507884,1643.909334507884,269267660.1465454,0.00848871051844599,3611,ignited,
constant_pressure,1025.0,10.0,1.3,0.2,7.571639959154984,7.572933188372815,0.017079909039616495,2612.6760632366922,1587.6760632366922,231468649.0913086,0.006830810825062876,3620,ignited,
constant_pressure,1025.0,10.0,1.4,0.2,7.373561051622979,7.375386339700651,0.024754498740745715,2548.1532186959166,1523.1532186959166,178199959.74728394,0.004264947001244844,3599,ignited,
constant_pressure,1050.0,10.0,0.6,0.2,6.380423798967851,6.3847960921057565,0.0685266884405453,2282.1289913772157,1232.1289913772157,106446116.51989746,0.004476994043056899,3211,ignited,
constant_pressure,1050.0,10.0,0.7,0.2,5.945237547496209,5.948490041050098,0.05470754579451391,2426.907136927739,1376.907136927739,163256755.65963745,0.006240052672008604,3426,ignited,
constant_pressure,1050.0,10.0,0.8,0.2,5.6120023259201535,5.614578119999055,0.045897951021949816,2547.3693498761954,1497.3693498761954,217985133.5812683,0.007823193207017798,3494,ignited,
constant_pressure,1050.0,10.0,0.9,0.2,5.350202259852731,5.352287303878058,0.03897131218708152,2639.46231614818,1589.46231614818,263061982.4703369,0.008990376235275585,3557,ignited,
constant_pressure,1050.0,10.0,1.0,0.2,5.140763458689769,5.142418000429555,0.032184747520134394,2697.619514488652,1647.619514488652,292250444.54400635,0.009578541718156818,3607,ignited,
constant_pressure,1050.0,10.0,1.1,0.2,4.971072080788069,4.972342199336507,0.025550193756922194,2713.235392766597,1663.2353927665972,300757434.2852173,0.009516781141966442,3543,ignited,
constant_pressure,1050.0,10.0,1.2,0.2,4.832389678111707,4.83351655648595,0.023319277817081856,2685.0392848678657,1635.0392848678657,285737140.20254517,0.008740184656654373,3615,ignited,
constant_pressure,1050.0,10.0,1.3,0.2,4.7184592625267525,4.719700939472177,0.026315304982828393,2630.769259354139,1580.7692593541392,247645504.92279053,0.007097141173230246,3671,ignited,
constant_pressure,1050.0,10.0,1.4,0.2,4.624622478878358,4.626338982313931,0.037116617484192906,2567.4047427179917,1517.4047427179917,193384798.20980835,0.004555986848160973,3563,ignited,
constant_pressure,1075.0,10.0,0.6,0.2,3.964743917360146,3.968824819994677,0.10292979116917086,2302.3632528928224,1227.3632528928224,116641084.75791168,0.004710144373512907,3234,ignited,
constant_pressure,1075.0,10.0,0.7,0.2,3.7224853256233352,3.7255736356119806,0.0829636578386849,2445.2798894390853,1370.2798894390853,175846485.81488037,0.006496229121764358,3325,ignited,
constant_pressure,1075.0,10.0,0.8,0.2,3.5419556615711,3.5444281444410857,0.06980558499958998,2563.555786952321,1488.555786952321,232422257.06814575,0.008085909307262152,3469,ignited,
constant_pressure,1075.0,10.0,0.9,0.2,3.404454257865624,3.4064652065592145,0.059068166034087904,2653.580237927018,1578.580237927018,278837306.58251953,0.00925037548823141,3436,ignited,
constant_pressure,1075.0,10.0,1.0,0.2,3.2983538301290807,3.2999533279071933,0.04849382026579116,2710.5138852462765,1635.5138852462765,308906627.020813,0.009833550415667051,3563,ignited,
constant_pressure,1075.0,10.0,1.1,0.2,3.215990144745179,3.2172305451388103,0.03856978217604436,2726.800476362576,1651.8004763625759,317876020.2715454,0.009768551839628662,3680,ignited,
constant_pressure,1075.0,10.0,1.2,0.2,3.1520806691895973,3.153174681564957,0.03470762617381953,2700.9414679860306,1625.9414679860306,302960750.3979492,0.008993943489970903,3548,ignited,
constant_pressure,1075.0,10.0,1.3,0.2,3.10285055336046,3.1040494770538807,0.03863942761028024,2648.6873987183453,1573.6873987183453,264587184.7159729,0.007364972090362296,3442,ignited,
constant_pressure,1075.0,10.0,1.4,0.2,3.065497578753065,3.067118347173464,0.05287129996879959,2586.549539341862,1511.5495393418619,209406556.97659302,0.004848362541425197,3600,ignited,
constant_pressure,1100.0,10.0,0.6,0.2,2.5699975288107026,2.5738483893053354,0.1498390738303481,2322.500489817874,1222.500489817874,127450787.49881744,0.004948889616493514,3316,ignited,
constant_pressure,1100.0,10.0,0.7,0.2,2.4376720511859773,2.4406174091586244,0.12082667031498674,2463.501523831334,1363.501523831334,189077642.67311096,0.006756457732797804,3233,ignited,
constant_pressure,1100.0,10.0,0.8,0.2,2.343327765959556,2.3456984169972026,0.10116600298446506,2579.579790866251,1479.5797908662512,247521353.2336731,0.008351707777879101,3453,ignited,
constant_pressure,1100.0,10.0,0.9,0.2,2.2752993494481073,2.2772449859344497,0.08551123116236613,2667.575117842199,1567.5751178421988,295308541.31152344,0.009513058196560864,3411,ignited,
constant_pressure,1100.0,10.0,1.0,0.2,2.226362812870889,2.2279125367060613,0.06960787461113226,2723.327512089418,1623.3275120894182,326279050.60150146,0.010091088187107492,3492,ignited,
constant_pressure,1100.0,10.0,1.1,0.2,2.1917865148595848,2.192990880813537,0.05494905392415075,2740.222089931161,1640.222089931161,335742066.35321045,0.01002277409416363,3455,ignited,
constant_pressure,1100.0,10.0,1.2,0.2,2.1683194983658773,2.1693804777375267,0.04893095193992339,2716.6131767730412,1616.6131767730412,320947779.97766113,0.00924989490300201,3478,ignited,
constant_pressure,1100.0,10.0,1.3,0.2,2.153653159761376,2.1548073343795116,0.053591480731441835,2666.4169068186393,1566.4169068186393,282322971.944458,0.007634231846034091,3512,ignited,
constant_pressure,1100.0,10.0,1.4,0.2,2.146075428646034,2.1476134416126675,0.07166630520549418,2605.57266668804,1505.57266668804,226255325.2800293,0.0051417445133951,3516,ignited,
constant_pressure,900.0,10.0,0.6,0.4,221.03779856365696,221.042976736209,0.0023426638274921144,2175.7150803434083,1275.7150803434083,78184144.11125946,0.00346354153324763,3375,ignited,
constant_pressure,900.0,10.0,0.7,0.4,205.11679446836712,205.12031809504862,0.0017178635667702436,2330.547041269898,1430.5470412698978,130490409.22489929,0.005182698800934402,3603,ignited,
constant_pressure,900.0,10.0,0.8,0.4,192.25887102216555,192.26156959121323,0.0014036122407946018,2463.2086224042046,1563.2086224042046,181402045.41308594,0.006817198871620215,3702,ignited,
constant_pressure,900.0,10.0,0.9,0.4,181.59967897907293,181.60179671723446,0.0011661574367509272,2567.863097547843,1667.8630975478432,222447101.3687744,0.008071984546178312,3859,ignited,
constant_pressure,900.0,10.0,1.0,0.4,172.58391882888608,172.58555244660832,0.0009465642762776477,2634.336503809171,1734.336503809171,247200809.7876587,0.00873012591035978,3871,ignited,
constant_pressure,900.0,10.0,1.1,0.4,164.83565273918336,164.83693496732425,0.0007778827696476874,2646.2849781559603,1746.2849781559603,251082734.2467041,0.008684244685938796,3968,ignited,
constant_pressure,900.0,10.0,1.2,0.4,158.0897309153739,158.09095983891208,0.000777358232608071,2607.0811105894936,1707.0811105894936,231844132.84301758,0.007814462816114556,3888,ignited,
constant_pressure,900.0,10.0,1.3,0.4,152.15286653372075,152.1543524150248,0.0009765713508299316,2546.753994312064,1646.7539943120642,191282405.1390381,0.00596077744973038,3880,ignited,
constant_pressure,900.0,10.0,1.4,0.4,146.88018306745994,146.88241505507054,0.0015195975141006582,2481.709111911318,1581.709111911318,139671657.03596497,0.003229278889186524,3731,ignited,
constant_pressure,925.0,10.0,0.6,0.4,110.35495757757266,110.35968937186746,0.004287794947021082,2196.1665843903434,1271.1665843903434,87114519.65002441,0.003675653363776326,3427,ignited,
constant_pressure,925.0,10.0,0.7,0.4,102.2571796016913,102.26048522039257,0.0032326519410547268,2349.4707367311107,1424.4707367311107,141863078.98257446,0.005428666741102036,3490,ignited,
constant_pressure,925.0,10.0,0.8,0.4,95.74204925299193,95.74460464983271,0.0026690433939050755,2480.1281351636167,1555.1281351636167,194507872.63145447,0.0070759273348253065,3692,ignited,
constant_pressure,925.0,10.0,0.9,0.4,90.35815854599413,90.36019662592349,0.0022555571761966693,2582.592637253562,1657.5926372535619,236729106.33389282,0.008330012343774122,3688,ignited,
constant_pressure,925.0,10.0,1.0,0.4,85.81679725726444,85.81837360882507,0.0018368799710665963,2647.6018149184492,1722.6018149184492,262172692.63378906,0.008983405234022709,3726,ignited,
constant_pressure,925.0,10.0,1.1,0.4,81.92325401643171,81.9244915710369,0.0015106267689691628,2660.5899644684505,1735.5899644684505,266354473.78115845,0.008934879486001034,3826,ignited,
constant_pressure,925.0,10.0,1.2,0.4,78.5406505615849,78.54183714376389,0.0015107873063234221,2623.9026887701934,1698.9026887701934,247086640.61706543,0.008070605754702524,3909,ignited,
constant_pressure,925.0,10.0,1.3,0.4,75.56951535436443,75.57092747326669,0.0018686356471180501,2565.150917550006,1640.150917550006,206066955.36138916,0.006238878737258383,3956,ignited,
constant_pressure,925.0,10.0,1.4,0.4,72.93544825643626,72.9375417054311,0.002870276449774082,2500.9661887950238,1575.9661887950238,153060656.17843628,0.003525703874019912,3847,ignited,
constant_pressure,950.0,10.0,0.6,0.4,56.916712202474585,56.92104590410048,0.0076141109670553875,2216.595803908029,1266.5958039080292,96692882.20319366,0.0038954871088542732,3485,ignited,
constant_pressure,950.0,10.0,0.7,0.4,52.67117037166794,52.67427102161878,0.005886806632468097,2368.309436655251,1418.309436655251,153889837.347641,0.005680534317768384,3603,ignited,
constant_pressure,950.0,10.0,0.8,0.4,49.268438209378694,49.27088321987834,0.004962630415151923,2496.921322288201,1546.9213222882008,208279566.82385254,0.0073390875503894755,3585,ignited,
constant_pressure,950.0,10.0,0.9,0.4,46.46569203308428,46.467638953225226,0.004190016452480165,2597.210812435768,1647.2108124357678,251683993.0435791,0.00859172990080238,3761,ignited,
constant_pressure,950.0,10.0,1.0,0.4,44.108306767127665,44.10982452929179,0.003440989408503588,2660.800706753575,1710.800706753575,277849832.558197,0.009240079429783953,3805,ignited,
constant_pressure,950.0,10.0,1.1,0.4,42.09239597011399,42.09360189150655,0.002864938820344781,2674.743144820352,1724.743144820352,282367101.89419556,0.009188735063439252,3783,ignited,
constant_pressure,950.0,10.0,1.2,0.4,40.34516597727504,40.34631589095358,0.0028501894853864376,2640.5414810511875,1690.5414810511875,263076853.06088257,0.008329625866681732,3802,ignited,
constant_pressure,950.0,10.0,1.3,0.4,38.81386371222178,38.815216903946705,0.0034863618189543417,2583.4445511747617,1633.4445511747617,221626219.633255,0.00651886110642137,3894,ignited,
constant_pressure,950.0,10.0,1.4,0.4,37.4591145456514,37.461067371265244,0.005213218832125787,2520.1814493375878,1570.1814493375878,167293761.9757843,0.003826913675994496,3789,ignited,
constant_pressure,975.0,10.0,0.6,0.4,30.16766258834361,30.171668555250772,0.01327900991808878,2236.989286218276,1261.989286218276,106943586.3087616,0.004122920641329158,3405,ignited,
constant_pressure,975.0,10.0,0.7,0.4,27.88752064166832,27.890447992996922,0.010496993856913639,2387.0504015249767,1412.0504015249767,166595967.919281,0.005938044712322349,3563,ignited,
constant_pressure,975.0,10.0,0.8,0.4,26.06746796679237,26.069800434842797,0.008947812090523442,2513.5804931579473,1538.5804931579473,222750407.9320984,0.0076064751582273545,3729,ignited,
constant_pressure,975.0,10.0,0.9,0.4,24.573669514816842,24.57554878542142,0.007647496860191179,2611.7151022379408,1636.7151022379408,267369150.45562744,0.008857005645121688,3683,ignited,
constant_pressure,975.0,10.0,1.0,0.4,23.32129569988549,23.322759181291573,0.006275300587571065,2673.9303506413585,1698.9303506413585,294271637.2696228,0.00949998905620888,3809,ignited,
constant_pressure,975.0,10.0,1.1,0.4,22.2535508546577,22.254717894911987,0.005244287807863866,2688.74577510047,1713.74577510047,299144831.27142334,0.009445688965172552,3707,ignited,
constant_pressure,975.0,10.0,1.2,0.4,21.330768001826645,21.33187942458818,0.005210420747348089,2656.986523069373,1681.986523069373,279841698.48254395,0.008591383364177954,3784,ignited,
constant_pressure,975.0,10.0,1.3,0.4,20.524275185670593,20.525567762412,0.006297794829356381,2601.6179747976817,1626.6179747976817,237976974.3440857,0.0068006036770320655,3827,ignited,
constant_pressure,975.0,10.0,1.4,0.4,19.812714995811426,19.814545256304903,0.00923780760922663,2539.339010215305,1564.3390102153048,182382578.00842285,0.004131780902814217,3701,ignited,
constant_pressure,1000.0,10.0,0.6,0.4,16.362257383663525,16.36592712487638,0.022428086337996356,2257.3327396660366,1257.3327396660366,117866937.81163025,0.004357764662379164,3317,ignited,
constant_pressure,1000.0,10.0,0.7,0.4,15.114676212837436,15.117426735756393,0.018197696597831946,2405.680710980705,1405.680710980705,179977190.81918335,0.006200912937093486,3446,ignited,
constant_pressure,1000.0,10.0,0.8,0.4,14.123514908576446,14.125738117870714,0.015741189843032403,2530.0982594811035,1530.0982594811035,237920175.20361328,0.007877856088522301,3729,ignited,
constant_pressure,1000.0,10.0,0.9,0.4,13.31351135484029,13.31532885243061,0.013651526947917034,2626.1029468710353,1626.1029468710353,283756449.22302246,0.009125593501343971,3708,ignited,
constant_pressure,1000.0,10.0,1.0,0.4,12.6371697039574,12.638591879587157,0.011253909404352608,2686.9876426700644,1686.9876426700644,311433131.3352051,0.0097629833494247,3699,ignited,
constant_pressure,1000.0,10.0,1.1,0.4,12.062805356100858,12.063937948016127,0.00938912534716574,2702.6003195301937,1702.6003195301937,316673864.12561035,0.009705545894770377,3625,ignited,
constant_pressure,1000.0,10.0,1.2,0.4,11.568357115269745,11.569431264279885,0.009285233844678038,2673.2277493539364,1673.2277493539364,297380738.9221802,0.008855712170434453,3673,ignited,
constant_pressure,1000.0,10.0,1.3,0.4,11.137922252630402,11.139158162672413,0.011096414699061818,2619.6541659798836,1619.6541659798836,255125858.6588745,0.007083948827766083,3749,ignited,
constant_pressure,1000.0,10.0,1.4,0.4,10.759667220632549,10.761391595219827,0.016026281779154758,2558.4225987681702,1558.4225987681702,198340023.37374878,0.004439370144513729,3647,ignited,
constant_pressure,1025.0,10.0,0.6,0.4,9.053853741717402,9.057228289665707,0.03727195119969308,2277.609239435828,1252.609239435828,129468596.50045776,0.004599697414437277,3292,ignited,
constant_pressure,1025.0,10.0,0.7,0.4,8.361894436195078,8.36449076232463,0.031049496610647296,2424.185461280133,1399.185461280133,194044780.2314148,0.006468772403897749,3385,ignited,
constant_pressure,1025.0,10.0,0.8,0.4,7.815467048865926,7.817591269900286,0.027179706869446516,2546.465593211191,1521.465593211191,253780574.3663025,0.008152908917976992,3387,ignited,
constant_pressure,1025.0,10.0,0.9,0.4,7.371484072921395,7.373230113352315,0.023686416651617005,2640.3700334671157,1615.3700334671157,300888715.3850708,0.009397268926477664,3514,ignited,
constant_pressure,1025.0,10.0,1.0,0.4,7.002867569900929,7.004242434501046,0.019632880193627498,2699.967688719421,1674.967688719421,329336247.7648926,0.010028806790336653,3611,ignited,
constant_pressure,1025.0,10.0,1.1,0.4,6.69163302681316,6.692736290464465,0.016487210922716804,2716.3058864498867,1691.3058864498867,334972018.4230957,0.00996809349504418,3563,ignited,
constant_pressure,1025.0,10.0,1.2,0.4,6.42528530669322,6.426328165454506,0.016230544038250312,2689.2546136880387,1664.2546136880387,315710610.86035156,0.00912238737854682,3709,ignited,
constant_pressure,1025.0,10.0,1.3,0.4,6.19485141171189,6.196034525794046,0.01909834479514161,2637.533766362094,1612.533766362094,273095886.1309204,0.007368692965345465,3603,ignited,
constant_pressure,1025.0,10.0,1.4,0.4,5.9936458101929535,5.995269096656504,0.02708345662984523,2577.412516563711,1552.412516563711,215172543.730896,0.004748914555960048,3551,ignited,
constant_pressure,1050.0,10.0,0.6,0.4,5.1044363748846076,5.107559685500421,0.06118815842589689,2297.8044561076317,1247.8044561076317,141754166.90174866,0.004848372764668787,3215,ignited,
constant_pressure,1050.0,10.0,0.7,0.4,4.717411962607087,4.719879642233034,0.05231003027734475,2442.5525257112567,1392.5525257112567,208796443.43722534,0.006741281523163659,3461,ignited,
constant_pressure,1050.0,10.0,0.8,0.4,4.4143823263228334,4.4164283345591215,0.04634868674803722,2562.676140356721,1512.6761403567211,270359534.9249573,0.00843135247062471,3392,ignited,
constant_pressure,1050.0,10.0,0.9,0.4,4.170256355500142,4.171940382424478,0.04038185619247625,2654.513555884089,1604.5135558840889,318730331.4996033,0.009671780115811308,3520,ignited,
constant_pressure,1050.0,10.0,1.0,0.4,3.9693468319041685,3.9706828919075927,0.03365944222070664,2712.867157937703,1662.8671579377028,348011158.90826416,0.010297267000426593,3556,ignited,
constant_pressure,1050.0,10.0,1.1,0.4,3.801259522277647,3.8023330437918186,0.028241205523596873,2729.863742983371,1679.8637429833711,354033396.7371826,0.01023312287574504,3516,ignited,
constant_pressure,1050.0,10.0,1.2,0.4,3.6588124176757906,3.659821700229089,0.027584976710543812,2705.0594311827645,1655.0594311827645,334833863.9853821,0.009391187014572576,3560,ignited,
constant_pressure,1050.0,10.0,1.3,0.4,3.5368450561324836,3.5379800249673097,0.032089865878014795,2655.2395062430946,1605.2395062430946,291878708.74645996,0.007654602678850238,3599,ignited,
constant_pressure,1050.0,10.0,1.4,0.4,3.431529758524668,3.433061681968243,0.04464258075482813,2596.2905081191543,1546.2905081191543,232891430.6682434,0.005059743769402035,3536,ignited,
constant_pressure,1075.0,10.0,0.6,0.4,2.935786127058347,2.938672012755558,0.09830027026193366,2317.9074922108075,1242.9074922108075,154721766.0169525,0.00510340560482989,3231,ignited,
constant_pressure,1075.0,10.0,0.7,0.4,2.718863223785367,2.721208747987779,0.08626856187147966,2460.773677668136,1385.7736776681359,224238491.3156128,0.007018102850149627,3278,ignited,
constant_pressure,1075.0,10.0,0.8,0.4,2.5511992885582355,2.5531557283359962,0.07668706190594651,2578.7270254255814,1503.7270254255814,287643128.57736206,0.008712962045276463,3381,ignited,
constant_pressure,1075.0,10.0,0.9,0.4,2.4179258214218162,2.419554968132248,0.06737786147110561,2668.5338158457876,1593.5338158457876,337330072.66152954,0.009948926605203271,3542,ignited,
constant_pressure,1075.0,10.0,1.0,0.4,2.309797686102514,2.3110958151064134,0.056200982956641,2725.6852376461284,1650.6852376461284,367444680.4916992,0.010568177969435617,3452,ignited,
constant_pressure,1075.0,10.0,1.1,0.4,2.220723555312153,2.2217620000239497,0.0467615480239559,2743.2775818364626,1668.2775818364626,373909813.5733032,0.01050048137379303,3474,ignited,
constant_pressure,1075.0,10.0,1.2,0.4,2.1464906199600113,2.1474702772060588,0.045639950015979015,2720.6392730305574,1645.6392730305574,354763061.7479248,0.00966194203135207,3490,ignited,
constant_pressure,1075.0,10.0,1.3,0.4,2.084092013695093,2.085185447178032,0.052465700926526346,2672.7586685112487,1597.7586685112487,311489277.77978516,0.007941539284872045,3364,ignited,
constant_pressure,1075.0,10.0,1.4,0.4,2.0312945472879984,2.0327453965432816,0.07142485845886817,2615.0423833603795,1540.0423833603795,251487823.0249939,0.005371369940921978,3441,ignited,
constant_pressure,1100.0,10.0,0.6,0.4,1.7311951304167332,1.733889779378044,0.15565252662546528,2337.907614652789,1237.907614652789,168359649.86453247,0.005364359487963104,3120,ignited,
constant_pressure,1100.0,10.0,0.7,0.4,1.610297316149397,1.6125234309611827,0.13824247171378665,2478.84121524082,1378.84121524082,240359427.7585144,0.007298899410666563,3245,ignited,
constant_pressure,1100.0,10.0,0.8,0.4,1.5186943597327394,1.5205713726798673,0.12359385778309341,2594.6159975474934,1494.6159975474934,305639240.288208,0.008997456116019641,3300,ignited,
constant_pressure,1100.0,10.0,0.9,0.4,1.4474384820365884,1.4490059314572055,0.10829126350237644,2682.431535904399,1582.431535904399,356662642.55358887,0.010228540414362296,3418,ignited,
constant_pressure,1100.0,10.0,1.0,0.4,1.3909850413919957,1.3922467434924044,0.09070565555083455,2738.4211035389485,1638.4211035389485,387646857.96435547,0.010841364254430752,3474,ignited,
constant_pressure,1100.0,10.0,1.1,0.4,1.3457022909193372,1.3467141729977274,0.07519360598687247,2756.55096338099,1656.5509633809902,394561969.526062,0.01076998069159065,3394,ignited,
constant_pressure,1100.0,10.0,1.2,0.4,1.3090889099289371,1.3100397128335466,0.07263088835280751,2735.9929977726392,1635.9929977726392,375515538.6473999,0.009934493306692464,3387,ignited,
constant_pressure,1100.0,10.0,1.3,0.4,1.2793702379868883,1.280425979247917,0.08252038617764113,2690.0796521714924,1590.0796521714924,331938629.8778076,0.008229354106485435,3453,ignited,
constant_pressure,1100.0,10.0,1.4,0.4,1.2552269171930088,1.2565982325385758,0.10924840176576173,2633.654330417196,1533.654330417196,270984495.24942017,0.005683423947831243,3407,ignited,
